|index|NUmero AU|autorizzazione|intervento|Comune|Provincia|CF|inizio|numero
0|2|1|2024-06-12|Nuovo insediamento|LAMEZIA TERME|CZ|02589150792|2023-11-27|1609
1|3|2|2024-08-02|Ampliamento|PACHINO|SR|02102680895|2023-07-24|1918
2|4|3|2024-07-10|Nuovo insediamento|BITONTO|BA|05457290723|2023-12-18|235
3|5|4|2024-07-12|Ampliamento|CATANIA|CT|04797280874|2023-12-11|1220
4|6|5|2024-07-19|Ristrutturazione|CAIVANO|NA|04312731211|2024-02-20|1900
5|7|6|2024-07-25|Ristrutturazione|PESCARA|PE|02229730680|2023-12-20|1255
6|8|7|2024-07-25|Ristrutturazione - Opere accessorie|ASSORO|EN|04683820874|2024-01-22|1539
7|9|8|2024-07-29|Ampliamento|MONOPOLI|BA|04807110236|2023-07-12|1619
8|10|9|2024-07-29|Ristrutturazione - Opere accessorie|TORRE ANNUNZIATA|NA|07195130153|2024-02-21|1312
9|11|10|2024-07-30|Nuovo insediamento|NOLA|NA|05463270636|2024-01-19|1606
10|12|11|2024-07-31|Ampliamento|MODICA|RG|01496790880|2023-12-07|0952
11|13|12|2024-08-01|Ampliamento|CASTELLAMMARE DI STABIA|NA|01242000634|2024-03-08|2232
12|14|13|2024-07-31|Ampliamento|CATANIA|CT|05193870879|2023-12-14|0919
13|15|14|2024-08-05|Nuovo insediamento|MONOPOLI|BA|07025520722|2023-09-06|1743
14|16|15|2024-08-05|Ampliamento|NOLA|NA|05611600635|2023-12-27|2011
15|17|16|2024-08-05|Ampliamento|ASSORO|EN|04683820874|2023-11-22|0930
16|18|17|2024-08-05|Nuovo insediamento|OLBIA|OT|02101930903|2023-12-29|1900
17|19|18|2024-08-13|Ampliamento|BRINDISI|BR|10898340012|2023-10-17|1615
18|20|19|2024-09-18|Ampliamento|CAIVANO|NA|07670191217|2024-02-27|1440
19|21|20|2024-08-13|Ampliamento|ACERRA|NA|04275081216|2024-02-22|1639
20|22|21|2024-08-13|Ampliamento|CATANIA|CT|04538240872|2023-12-18|1002
21|23|22|2024-08-13|Nuovo insediamento|FASANO|BR|03209900723|2023-06-09|1817
22|24|23|2024-08-19|Ampliamento|CORIGLIANO-ROSSANO|CS|02810290789|2024-03-30|1053
23|25|24|2024-08-13|Ampliamento|POMIGLIANO D'ARCO|NA|04672551217|2024-08-08|1431
24|26|25|2024-08-21|Trasferimento|CAIVANO|NA|04865930012|2024-08-08|1451
25|27|26|2024-08-19|Nuovo insediamento|NOLA|NA|10316021210|2024-08-08|1516
26|28|27|2024-08-19|Nuovo insediamento|NOLA|NA|03611160635|2024-08-08|1553
27|29|28|2024-08-19|Trasferimento|NOLA|NA|09067101213|2024-08-08|1612
28|30|29|2024-08-19|Nuovo insediamento|ARZANO|NA|04477090635|2024-08-08|1625
29|31|30|2024-08-19|Nuovo insediamento|CAIVANO|NA|09201611218|2024-08-08|1649
30|32|31|2024-08-19|Nuovo insediamento|CAIVANO|NA|00924500358|2024-08-08|1716
31|33|32|2024-08-19|Nuovo insediamento|CAIVANO|NA|00799960158|2024-08-08|1741
32|34|33|2024-08-19|Ampliamento|GIUGLIANO IN CAMPANIA|NA|03983200373|2024-08-08|1754
33|35|34|2024-08-19|Nuovo insediamento|NOLA|NA|08300721217|2024-08-08|1812
34|36|35|2024-08-13|Ampliamento|NOCERA INFERIORE|SA|02790120659|2023-12-15|1638
35|37|36|2024-08-19|Nuovo insediamento|POMIGLIANO D'ARCO|NA|08675391216|2024-08-12|1306
36|38|37|2024-08-13|Ristrutturazione|CATANIA|CT|03318310871|2023-10-05|1845
37|39|38|2024-08-19|Nuovo insediamento|CAIVANO|NA|05526911218|2024-08-12|1103
38|40|39|2024-08-19|Ampliamento|CAIVANO|NA|06248771211|2024-08-12|1146
39|41|40|2024-08-19|Ampliamento|NOLA|NA|03244321216|2024-08-12|1226
40|42|41|2024-08-13|Ristrutturazione|CATANIA|CT|05479390873|2023-09-15|1517
41|43|42|2024-08-19|Nuovo insediamento|ARZANO|NA|06692871210|2024-08-12|1335
42|44|43|2024-08-19|Nuovo insediamento|ARZANO|NA|02893481214|2024-08-12|1405
43|45|44|2024-08-19|Nuovo insediamento|GIUGLIANO IN CAMPANIA|NA|08442041219|2024-08-12|1605
44|46|45|2024-08-19|Nuovo insediamento|CATANIA|CT|03196800878|2024-01-25|0944
45|47|46|2024-09-06|Ristrutturazione - Opere accessorie|BELPASSO - PIANO TAVOLA|CT|00620400879|2023-11-24|1229
46|48|47|2024-08-19|Ampliamento|GALATONE|LE|04472220757|2023-10-09|1806
47|49|48|2024-08-19|Nuovo insediamento|GIUGLIANO IN CAMPANIA|NA|07831300632|2024-08-12|1640
48|50|49|2024-08-19|Nuovo insediamento|GIUGLIANO IN CAMPANIA|NA|06851671211|2024-08-12|1649
49|51|50|2024-08-22|Nuovo insediamento|GIUGLIANO IN CAMPANIA|NA|08716941219|2024-08-13|1314
50|52|51|2024-08-19|Nuovo insediamento|GIUGLIANO IN CAMPANIA|NA|08925221213|2024-08-14|1648
51|53|52|2024-08-19|Nuovo insediamento|POMIGLIANO D'ARCO|NA|03143531212|2024-08-14|1706
52|54|53|2024-08-19|Ristrutturazione|BARI|BA|07492140723|2023-10-06|1737
53|55|54|2024-08-19|Nuovo insediamento|POMIGLIANO D'ARCO|NA|06467200637|2024-08-14|1720
54|56|55|2024-08-19|Nuovo insediamento|NOLA|NA|09237121216|2024-08-14|1740
55|57|56|2024-08-19|Nuovo insediamento|NOLA|NA|02956971218|2024-08-16|1936
56|58|57|2024-08-19|Nuovo insediamento|NOLA|NA|10209601219|2024-08-16|1950
57|59|58|2024-08-19|Ampliamento|CAIVANO|NA|01579010636|2024-08-16|2008
58|60|59|2024-08-23|Ristrutturazione - Opere accessorie|BRINDISI|BR|02640720740|2023-09-12|0956
59|61|60|2024-08-23|Ampliamento|MODUGNO|BA|10740960967|2024-04-05|1636
60|62|61|2024-08-21|Ampliamento|LAURIA|PZ|01908080763|2024-05-14|1502
61|63|62|2024-08-20|Ampliamento|CORIGLIANO-ROSSANO|CS|03230470787|2024-05-13|1113
62|64|63|2024-08-20|Ampliamento|CATANIA|CT|04494680871|2023-05-29|1245
63|65|64|2024-08-23|Nuovo insediamento|FASANO|BR|02691420745|2023-12-14|1341
64|66|65|2024-08-22|Nuovo insediamento|TERMINI IMERESE|PA|05070840821|2023-09-13|0927
65|67|66|2024-08-22|Nuovo insediamento|AUGUSTA|SR|02047970898|2023-12-15|1524
66|68|67|2024-08-26|Ristrutturazione|BATTIPAGLIA|SA|05521580653|2023-12-28|2001
67|69|68|2024-08-22|Nuovo insediamento|ACERRA|NA|09882351217|2024-08-19|1425
68|70|69|2024-08-27|Ampliamento|NOLA|NA|09375321214|2023-11-05|1309
69|71|70|2024-08-22|Nuovo insediamento|POMIGLIANO D'ARCO|NA|15380351005|2024-08-19|1453
70|72|71|2024-08-22|Nuovo insediamento|FRATTAMAGGIORE|NA|10493971211|2024-08-20|2051
71|73|72|2024-08-22|Nuovo insediamento|POMIGLIANO D'ARCO|NA|15380351005|2024-08-19|1441
72|74|73|2024-08-22|Nuovo insediamento|POMIGLIANO D'ARCO|NA|10407041218|2024-08-19|1504
73|75|74|2024-08-22|Nuovo insediamento|POMIGLIANO D'ARCO|NA|03368850636|2024-08-19|1530
74|76|75|2024-08-23|Nuovo insediamento|CASTELLO DI CISTERNA|NA|09080911218|2024-08-19|1553
75|77|76|2024-08-23|Nuovo insediamento|CASTELLO DI CISTERNA|NA|09080911218|2024-08-21|1511
76|78|77|2024-08-23|Nuovo insediamento|GIUGLIANO IN CAMPANIA|NA|03338090735|2024-08-20|2012
77|79|78|2024-09-12|Ampliamento|ACERRA|NA|05122940637|2024-04-09|1647
78|80|79|2024-08-23|Nuovo insediamento|GIUGLIANO IN CAMPANIA|NA|08556211210|2024-08-20|2035
79|81|80|2024-08-23|Ampliamento|ALTAMURA|BA|04475870723|2023-10-16|2004
80|82|81|2024-08-23|Nuovo insediamento|POMIGLIANO D'ARCO|NA|10342141214|2024-08-22|1438
81|83|82|2024-08-23|Nuovo insediamento|FRATTAMAGGIORE|NA|09553621211|2024-08-21|1534
82|84|83|2024-08-24|Ampliamento|PARENTI|CS|01218650784|2024-04-22|1857
83|85|84|2024-08-23|Ampliamento|FASANO|BR|12404241007|2023-09-05|1117
84|86|85|2024-08-23|Nuovo insediamento|CASTELLAMMARE DI STABIA|NA|04781251212|2024-08-22|1457
85|87|86|2024-08-23|Nuovo insediamento|POMIGLIANO D'ARCO|NA||2024-08-21|1448
86|88|87|2024-08-23|Nuovo insediamento|TORRE ANNUNZIATA|NA|01887430666|2024-08-21|1557
87|89|88|2024-08-26|Ristrutturazione - Opere accessorie|NOLA|NA|05779711000|2024-08-23|1625
88|90|89|2024-08-26|Ristrutturazione - Opere accessorie|NOLA|NA|00488410010|2024-08-23|1617
89|91|90|2024-08-26|Ristrutturazione - Opere accessorie|ACERRA|NA|00488410010|2024-08-23|1417
90|92|91|2024-08-26|Ristrutturazione - Opere accessorie|CAIVANO|NA|04784050637|2024-08-23|1442
91|93|92|2024-08-26|Ristrutturazione - Opere accessorie|GIUGLIANO IN CAMPANIA|NA|12878470157|2024-08-23|1452
92|94|93|2024-08-26|Ristrutturazione - Opere accessorie|NOLA|NA|05121780638|2024-08-23|1508
93|95|94|2024-08-26|Ristrutturazione - Opere accessorie|GIUGLIANO IN CAMPANIA|NA|09595051211|2024-08-23|1517
94|96|95|2024-08-26|Ristrutturazione - Opere accessorie|GIUGLIANO IN CAMPANIA|NA|06722711212|2024-08-23|1525
95|97|96|2024-08-26|Ristrutturazione - Opere accessorie|GIUGLIANO IN CAMPANIA|NA|05030841216|2024-08-23|1533
96|98|97|2024-08-26|Ristrutturazione - Opere accessorie|CAIVANO|NA|03329310233|2024-08-23|1541
97|99|98|2024-08-26|Ristrutturazione - Opere accessorie|ACERRA|NA|03754341216|2024-08-23|1549
98|100|99|2024-08-26|Ristrutturazione - Opere accessorie|CAIVANO|NA|12878470157|2024-08-23|1633
99|101|100|2024-09-11|Ampliamento|BARLETTA|BT|05499510724|2023-11-13|1801
100|102|101|2024-08-27|Ristrutturazione - Opere accessorie|ACERRA|NA|11062261000|2024-01-31|2124
101|103|102|2024-08-26|Ristrutturazione - Opere accessorie|CAIVANO|NA|03596101216|2024-08-23|1655
102|104|103|2024-08-26|Ristrutturazione - Opere accessorie|NOLA|NA|05779711000|2024-08-23|1648
103|105|104|2024-09-16|Ristrutturazione|CASTELLANETA|TA|06487630722|2024-03-06|1845
104|106|105|2024-08-26|Ristrutturazione - Opere accessorie|CAIVANO|NA|06248771211|2024-08-23|1558
105|107|106|2024-08-27|Ristrutturazione|SAN GIOVANNI TEATINO|CH|01425470695|2023-12-20|0930
106|108|107|2024-08-28|Nuovo insediamento|CORIGLIANO-ROSSANO|CS|10758240963|2023-08-30|1045
107|109|108|2024-08-28|Ampliamento|ATESSA|CH|01295310484|2024-01-31|1822
108|110|109|2024-08-29|Nuovo insediamento|LAMEZIA TERME|CZ|10758240963|2023-06-26|1511
109|111|110|2024-08-29|Ristrutturazione|PESCARA|PE|09387880967|2023-12-19|1110
110|112|111|2024-08-29|Trasferimento|TORRICELLA|TA|01871110233|2024-06-10|1616
111|113|112|2024-09-04|Ristrutturazione - Opere accessorie|LAMEZIA TERME|CZ|02803850789|2023-12-28|1756
112|114|113|2024-09-05|Ristrutturazione - Opere accessorie|CAIVANO|NA|05779711000|2024-08-28|1340
113|115|114|2024-09-03|Nuovo insediamento|CAMPOCHIARO|CB|00705090702|2024-05-06|1611
114|116|115|2024-09-05|Ristrutturazione - Opere accessorie|CAIVANO|NA|05779711000|2024-08-28|1920
115|117|116|2024-09-05|Ristrutturazione - Opere accessorie|CAIVANO|NA|12878470157|2024-08-28|1903
116|118|117|2024-09-05|Ristrutturazione - Opere accessorie|TORRE ANNUNZIATA|NA|09320630966|2024-08-28|1853
117|119|118|2024-09-05|Ristrutturazione - Opere accessorie|CAIVANO|NA|05779711000|2024-08-28|1340
118|120|119|2024-09-05|Ristrutturazione - Opere accessorie|GIUGLIANO IN CAMPANIA|NA|05779711000|2024-08-28|1845
119|121|120|2024-09-05|Ristrutturazione - Opere accessorie|GIUGLIANO IN CAMPANIA|NA|08933971213|2024-08-28|1831
120|122|121|2024-09-04|Ampliamento|APRICENA|FG|14650681001|2024-05-31|1118
121|123|122|2024-09-05|Ristrutturazione - Opere accessorie|GIUGLIANO IN CAMPANIA|NA|03076061211|2024-08-28|1322
122|124|123|2024-09-05|Ristrutturazione - Opere accessorie|GIUGLIANO IN CAMPANIA|NA|08128971218|2024-08-28|1311
123|125|124|2024-09-05|Ristrutturazione - Opere accessorie|GIUGLIANO IN CAMPANIA|NA|05779711000|2024-08-28|1301
124|126|125|2024-09-04|Ampliamento|CROTONE|KR|02437240795|2024-06-25|1251
125|127|126|2024-09-04|Ampliamento|SERRA SAN BRUNO|VV|01611840792|2024-06-11|2154
126|128|127|2024-09-05|Nuovo insediamento|NOLA|NA|08011401216|2024-02-26|1831
127|129|128|2024-09-09|Nuovo insediamento|CONVERSANO|BA|05658090724|2024-04-23|1630
128|130|129|2024-09-11|Nuovo insediamento|CAIVANO|NA|08716881217|2023-08-29|1601
129|131|130|2024-09-11|Nuovo insediamento|GIUGLIANO IN CAMPANIA|NA|10036601218|2024-08-08|1704
130|132|131|2024-09-11|Nuovo insediamento|GIUGLIANO IN CAMPANIA|NA|08564171216|2024-08-08|1637
131|133|132|2024-09-11|Ampliamento|CAIVANO|NA|07097160639|2024-08-08|1337
132|134|133|2024-09-11|Ampliamento|CASORIA|NA|11884880011|2024-08-08|1302
133|135|134|2024-09-05|Nuovo insediamento|SARROCH|CA|03992930929|2023-11-29|1340
134|136|135|2024-09-11|Ampliamento|NOLA|NA|03244321216|2023-11-15|1849
135|137|136|2024-09-11|Nuovo insediamento|CASTELLO DI CISTERNA|NA|08108671218|2024-09-03|1258
136|138|137|2024-09-11|Nuovo insediamento|CASTELLAMMARE DI STABIA|NA|09062591210|2024-09-03|1147
137|139|138|2024-09-11|Nuovo insediamento|TORRE ANNUNZIATA|NA|10334481214|2024-09-03|1128
138|140|139|2024-09-11|Nuovo insediamento|TORRE ANNUNZIATA|NA|06758970633|2024-09-03|1116
139|141|140|2024-09-11|Nuovo insediamento|TORRE ANNUNZIATA|NA|07265791215|2024-09-03|1051
140|142|141|2024-09-11|Nuovo insediamento|POMIGLIANO D'ARCO|NA|09290291211|2024-09-03|0918
141|143|142|2024-09-11|Nuovo insediamento|POMIGLIANO D'ARCO|NA|11868301000|2024-09-02|1744
142|144|143|2024-09-13|Ristrutturazione|SAN SEVERO|FG|03863770719|2024-03-14|1954
143|145|144|2024-09-13|Ampliamento|LECCE|LE|03625370758|2024-07-09|1326
144|146|145|2024-09-11|Ristrutturazione - Opere accessorie|CAIVANO|NA|09492151213|2024-09-04|1121
145|147|146|2024-09-11|Ristrutturazione - Opere accessorie|CAIVANO|NA|07273941216|2024-09-04|1108
146|148|147|2024-09-13|Ampliamento|MOLFETTA|BA|07900800728|2024-05-09|1935
147|149|148|2024-09-13|Ristrutturazione - Opere accessorie|COPERTINO|LE|02349000741|2024-07-12|0859
148|150|149|2024-09-12|Ampliamento|MESSINA|ME|02893080834|2024-07-01|1042
149|151|150|2024-09-25|Nuovo insediamento|NOLA|NA|07961491219|2024-05-28|2031
150|152|151|2024-09-18|Nuovo insediamento|NOLA|NA|09384791217|2024-05-17|1557
151|153|152|2024-09-18|Ampliamento|ACERRA|NA|07836501218|2024-07-11|1130
152|154|153|2024-09-12|Nuovo insediamento|SCALEA|CS|01374180782|2024-05-14|1630
153|155|154|2024-09-12|Ampliamento|ASSORO|EN|04683820874|2024-07-10|1351
154|156|155|2024-09-12|Nuovo insediamento|MOLA DI BARI|BA|||n. 126 del 16/01/2024
155|157|156|2024-09-13|Nuovo insediamento|MARUGGIO|TA|02716340746|2024-06-11|1859
156|158|157|2024-09-13|Ristrutturazione|TORRE ANNUNZIATA|NA|07195130153|2024-05-08|1900
157|159|158|2024-09-13|Nuovo insediamento|RAGUSA|RG|01692580887|2024-07-24|1522
158|160|159|2024-09-13|Ampliamento|MONOPOLI|BA|07818240728|2024-03-13|2105
159|161|160|2024-09-18|Ristrutturazione|CASTEL SAN GIORGIO|SA|04515480657|2024-06-19|1625
160|162|161|2024-09-18|Ampliamento|ACERRA|NA|05047210637|2024-06-14|1858
161|163|162|2024-09-18|Trasferimento|VASTO|CH|02152250698|2024-07-17|1152
162|164|163|2024-09-20|Ampliamento|NOLA|NA|09067101213|2024-06-27|105
163|165|164|2024-09-20|Nuovo insediamento|CAIVANO|NA|07970591215|2024-07-06|1229
164|166|165|2024-09-20|Ampliamento|LAMEZIA TERME|CZ|03264650791|2024-09-11|1507
165|167|166|2024-09-24|Ampliamento|SANTERAMO IN COLLE|BA||2024-08-12|0830
166|168|167|2024-09-24|Nuovo insediamento|POGGIOMARINO|NA|03648921215|2024-06-15|1313
167|169|168|2024-09-20|Nuovo insediamento|MARTINA FRANCA|TA|03332590730|2024-07-16|1600
168|170|169|2024-10-04|Ampliamento|SALERNO|SA|04768510655|2023-11-26|1408
169|171|170|2024-09-24|Ampliamento|CAMPO CALABRO|RC|00914160809|2024-07-11|1612
170|172|171|2024-09-24|Nuovo insediamento|REGGIO CALABRIA|RC|02977080809|2024-07-03|144
171|173|172|2024-09-24|Nuovo insediamento|CROTONE|KR|11764190960|2023-12-05|1712
172|174|173|2024-09-24|Ampliamento|GRISOLIA|CS|02203400789|2024-04-09|1740
173|175|174|2024-10-04|Ampliamento|CAIVANO|NA|05558201215|2024-05-29|1006
174|176|175|2024-10-04|Ampliamento|BUCCINO|SA|04046370658|2024-07-10|1529
175|177|176|2024-09-27|Ristrutturazione|BITONTO|BA|08684930723|2024-07-03|1326
176|178|177|2024-09-27|Ampliamento|LUCERA|FG|04093050716|2024-05-28|1142
177|179|178|2024-09-30|Nuovo insediamento|NOLA|NA|08570431216|2024-09-23|1145
178|180|179|2024-09-30|Nuovo insediamento|CAIVANO|NA|07415721211|2024-09-23|1220
179|181|180|2024-09-30|Ampliamento|GIUGLIANO IN CAMPANIA|NA|06785551216|2024-09-23|1248
180|182|181|2024-09-27|Ampliamento|GIOIA DEL COLLE|BA|07378410729|2024-04-04|1821
181|183|182|2024-09-26|Ampliamento|PACE DEL MELA|ME|05215050963|2023-12-07|1213
182|184|183|2024-09-27|Ampliamento|GALATONE|LE|04553250756|2024-07-30|1640
183|185|184|2024-09-30|Nuovo insediamento|GIUGLIANO IN CAMPANIA|NA|95263170631|2024-09-25|190
184|186|185|2024-09-26|Nuovo insediamento|OLBIA|SS|13673711001|2024-06-17|1909
185|187|186|2024-09-30|Nuovo insediamento|CASTELLAMMARE DI STABIA|NA|04578880652|2024-09-25|1854
186|188|187|2024-09-30|Nuovo insediamento|ARZANO|NA|08703841216|2024-09-25|140
187|189|188|2024-09-30|Nuovo insediamento|NOLA|NA|09412061211|2024-09-25|1846
188|190|189|2024-09-30|Nuovo insediamento|TORRE ANNUNZIATA|NA|05462731216|2024-09-25|1450
189|191|190|2024-09-30|Nuovo insediamento|GIUGLIANO IN CAMPANIA|NA|08040281217|2024-09-25|1916
190|192|191|2024-09-27|Ampliamento|ANDRIA|BT|04684810726|2024-05-23|1242
191|193|192|2024-09-30|Nuovo insediamento|CASTELLAMMARE DI STABIA|NA|05297340654|2024-09-25|1926
192|194|193|2024-09-27|Ampliamento|SANT'ANDREA DI CONZA|AV|02099780641|2024-07-10|1232
193|195|194|2024-09-27|Ampliamento|OLBIA|SS|02171200906|2024-07-10|1838
194|196|195|2024-10-02|Ampliamento|CORIGLIANO-ROSSANO|CS|02989190786|2024-04-10|2109
195|197|196|2024-10-04|Ampliamento|CAIVANO|NA|06285841216|2024-04-12|1314
196|198|197|2024-09-27|Ristrutturazione|TORRE DEL GRECO|NA|05790901218|2024-07-18|0928
197|199|198|2024-09-30|Ampliamento|CASTELLAMMARE DI STABIA|NA|00296280639|2024-09-25|1934
198|200|199|2024-09-30|Nuovo insediamento|ACERRA|NA|00291930634|2024-09-25|1950
199|201|200|2024-09-27|Ampliamento|TORTOLI|NU|01119920914|2024-07-11|1704
200|202|201|2024-10-01|Ampliamento|MESSINA|ME|13162110152|2024-03-27|0047
201|203|202|2024-10-01|Ampliamento|GIOIA DEL COLLE|BA|05982300724|2024-07-08|1804
202|204|203|2024-10-10|Nuovo insediamento|NOCERA INFERIORE|SA|05703780659|2024-07-10|1628
203|205|204|2024-10-02|Ampliamento|LAMEZIA TERME|CZ|02366360796|2024-08-07|1550
204|206|205|2024-10-09|Nuovo insediamento|SAN MICHELE SALENTINO|BR|02742660745|2024-05-20|1653
205|207|206|2024-10-02|Nuovo insediamento|CASTELVETRANO|TP||2024-07-08|2327
206|208|207|2024-10-10|Ampliamento|ACERRA|NA|05965891004|2024-03-18|1546
207|209|208|2024-10-10|Ampliamento|SARNO|SA|05118460657|2024-07-11|1612
208|210|209|2024-10-18|Ampliamento|GIOIA DEL COLLE|BA|07510870723|2024-04-03|1530
209|211|210|2024-10-10|Nuovo insediamento|CICCIANO|NA|08149911219|2024-03-22|1616
210|212|211|2024-10-10|Nuovo insediamento|OTTAVIANO|NA|07867351210|2024-07-16|1842
211|213|212|2024-10-10|Ristrutturazione|ACERRA|NA|03353340635|2024-07-10|1822
212|214|213|2024-10-18|Ristrutturazione - Opere accessorie|CERIGNOLA|FG|01436700718|2024-05-09|1003
213|215|214|2024-10-09|Ampliamento|ARBOREA|OR|00042370957|2024-07-16|1100
214|216|215|2024-10-09|Ampliamento|OLBIA|SS||2024-07-04|1126
215|217|216|2024-10-18|Ampliamento|CORATO|BA|05945400728|2024-07-20|1233
216|218|217|2024-10-18|Ampliamento|SURANO|LE|05154150758|2024-05-21|1556
217|219|218|2024-10-17|Ampliamento|ACERRA|NA|05485930639|2024-01-20|1111
218|220|219|2024-10-17|Ristrutturazione|SAN MARCO EVANGELISTA|CE|01109510626|2024-06-06|1700
219|221|220|2024-10-16|Ristrutturazione - Opere accessorie|OLBIA|SS|02861830921|2024-07-29|1144
220|222|221|2024-10-16|Ampliamento|ASSEMINI|CA|03444270924|2024-08-02|1707
221|223|222|2024-10-16|Ampliamento|BACOLI|NA|06700621003|2024-06-28|1303
222|224|223|2024-10-17|Ampliamento|VOLLA|NA|04082231210|2024-07-10|1654
223|225|224|2024-10-18|Ampliamento|PAGLIETA|CH|00612640698|2024-08-02|1533
224|226|225|2024-10-24|Ampliamento|VOLLA|NA|05329551211|2024-07-05|170
225|227|226|2024-10-24|Nuovo insediamento|PIGNATARO MAGGIORE|CE|03862200619|2024-05-21|1807
226|228|227|2024-10-24|Nuovo insediamento|MONTAGUTO|AV|04170270716|2024-04-09|1546
227|229|228|2024-10-24|Nuovo insediamento|SAN MARCO EVANGELISTA|CE|05696471217|2024-05-24|1049
228|230|229|2024-10-29|Nuovo insediamento|FOGGIA|FG|04345540712|2023-10-26|1603
229|231|230|2024-10-24|Ampliamento|PAGANI|SA|00183180652|2024-07-08|1805
230|232|231|2024-10-24|Ampliamento|SAN MARZANO SUL SARNO|SA|05321960659|2024-06-03|104
231|233|232|2024-10-24|Ampliamento|CASTELLAMMARE DI STABIA|NA|04512341217|2024-06-20|1919
232|234|233|2024-10-29|Nuovo insediamento|BARLETTA|BT|05300990727|2023-05-10|0832
233|235|234|2024-10-25|Ampliamento|SANTA CROCE CAMERINA|RG|02659790162|2024-07-04|1620
234|236|235|2024-10-29|Nuovo insediamento|OGLIASTRO CILENTO|SA|01459110621|2024-06-24|1217
235|237|236|2024-10-29|Ampliamento|NOLA|NA|08053661214|2024-07-30|1126
236|238|237|2024-11-05|Nuovo insediamento|CARINI|PA|04416770826|2024-02-21|2055
237|239|238|2024-11-04|Nuovo insediamento|CARINI|PA|05854900825|2024-06-26|1116
238|240|239|2024-10-30|Ampliamento|CAROVILLI|IS||2024-08-19|1214
239|241|240|2024-10-31|Nuovo insediamento|BRINDISI|BR|02733090746|2023-11-27|2145
240|242|241|2024-10-31|Nuovo insediamento|SAN VITO DEI NORMANNI|BR||2024-06-25|1042
241|243|242|2024-10-31|Ampliamento|OSTUNI|BR||2024-02-16|1501
242|244|243|2024-10-31|Ristrutturazione - Opere accessorie|MARSALA|TP|02095100810|2024-07-10|1658
243|245|244|2024-10-31|Ampliamento|MODUGNO|BA||2024-04-22|1736
244|246|245|2024-11-04|Ristrutturazione|SAN GIORGIO A CREMANO|NA|00377450630|2024-03-26|2252
245|247|246|2024-11-04|Nuovo insediamento|CASTEL SAN GIORGIO|SA|06250270656|2024-06-24|1337
246|248|247|2024-10-31|Ristrutturazione - Opere accessorie|ARAGONA|AG|03046350843|2024-07-22|1033
247|249|248|2024-10-31|Nuovo insediamento|GIOVINAZZO|BA|||n. 95 del 11/01/2024
248|250|249|2024-11-04|Nuovo insediamento|SAN VALENTINO TORIO|SA|04053840650|2024-05-17|2046
249|251|250|2024-11-08|Nuovo insediamento|TORRE ANNUNZIATA|NA|03965190659|2024-10-29|1113
250|252|251|2024-11-08|Ampliamento|CAIVANO|NA|08643061214|2024-10-29|1140
251|253|252|2024-11-08|Ampliamento|CAIVANO|NA|02950670360|2024-10-29|1157
252|254|253|2024-11-08|Nuovo insediamento|CAIVANO|NA|01421790427|2024-10-29|1342
253|255|254|2024-10-31|Ristrutturazione|ALTAMURA|BA|04504560725|2024-09-16|1741
254|256|255|2024-11-08|Nuovo insediamento|ARZANO|NA|09377741211|2024-10-29|1359
255|257|256|2024-11-08|Nuovo insediamento|ARZANO|NA|07740551218|2024-10-29|1414
256|258|257|2024-11-08|Nuovo insediamento|CAIVANO|NA|04409360619|2024-10-29|1436
257|259|258|2024-11-08|Nuovo insediamento|ACERRA|NA|04148951215|2024-10-29|1456
258|260|259|2024-11-08|Ampliamento|CAIVANO|NA|09609301214|2024-10-29|1513
259|261|260|2024-11-08|Nuovo insediamento|CAIVANO|NA|10080871212|2024-10-29|1720
260|262|261|2024-11-08|Nuovo insediamento|CAIVANO|NA|10418451216|2024-10-29|1733
261|263|262|2024-11-07|Ampliamento|CUTRO|KR|03516460791|2024-08-06|0841
262|264|263|2024-11-08|Nuovo insediamento|CASTEL SAN GIORGIO|SA||2024-06-18|0901
263|265|264|2024-11-08|Ampliamento|CAIVANO|NA|08696881211|2024-10-29|1657
264|266|265|2024-11-08|Ampliamento|NOLA|NA|03422050637|2024-10-29|1748
265|267|266|2024-11-08|Nuovo insediamento|GIUGLIANO IN CAMPANIA|NA|10298801217|2024-10-29|1759
266|268|267|2024-11-08|Nuovo insediamento|CAIVANO|NA|04752360638|2024-10-29|1811
267|269|268|2024-11-08|Nuovo insediamento|ARZANO|NA|05341741212|2024-10-29|1822
268|270|269|2024-11-08|Nuovo insediamento|TORRE ANNUNZIATA|NA|09004321213|2024-10-29|1832
269|271|270|2024-11-13|Ampliamento|TORTORA|CS|03422070783|2024-05-20|1711
270|272|271|2024-11-20|Nuovo insediamento|SANTERAMO IN COLLE|BA|08922560720|2024-06-10|1559
271|273|272|2024-11-13|Ampliamento|REGGIO CALABRIA|RC|02501760801|2024-09-23|1718
272|274|273|2024-11-18|Ristrutturazione - Opere accessorie|ROCCAMENA|PA|06587030823|2024-07-15|1029
273|275|274|2024-11-18|Nuovo insediamento|MELILLI|SR|09605620963|2024-06-25|1640
274|276|275|2024-11-18|Nuovo insediamento|CARINI|PA|06222990829|2024-08-14|1103
275|277|276|2024-11-18|Ristrutturazione - Opere accessorie|LICATA|AG|11459900962|2024-10-15|1145
276|278|277|2024-11-18|Ristrutturazione - Opere accessorie|AGRIGENTO|AG|11459900962|2024-10-18|1700
277|279|278|2024-11-18|Nuovo insediamento|CEFALÙ|PA|15788471009|2024-07-04|1052
278|280|279|2024-11-19|Ampliamento|BITONTO|BA|07429570968|2024-06-06|1241
279|281|280|2024-11-13|Nuovo insediamento|NAPOLI|NA|10081050964|2024-08-06|0903
280|282|281|2024-11-13|Nuovo insediamento|AVELLINO|AV|03096860642|2024-06-17|1445
281|283|282|2024-11-21|Nuovo insediamento|ACERRA|NA|05452191215|2024-09-30|0946
282|284|283|2024-11-21|Ristrutturazione - Opere accessorie|FOGGIA|FG|04191350711|2024-08-06|1927
283|285|284|2024-11-21|Nuovo insediamento|NOLA|NA|08379631214|2024-09-18|1635
284|286|285|2024-11-21|Nuovo insediamento|CARINARO|CE|05934461210|2024-10-25|1023
285|287|286|2024-11-21|Ampliamento|TEVEROLA|CE|05934461210|2024-10-25|1236
286|288|287|2024-11-21|Nuovo insediamento|FRATTAMAGGIORE|NA|05934461210|2024-10-16|1732
287|289|288|2024-11-21|Ampliamento|SANTERAMO IN COLLE|BA|07347630720|2024-07-15|1634
288|290|289|2024-11-21|Ampliamento|ALTAMURA|BA|02887420046|2023-07-27|1856
289|291|290|2024-11-21|Nuovo insediamento|POLLENA TROCCHIA|NA|10298391219|2024-07-23|1710
290|292|291|2024-11-20|Ampliamento|TARANTO|TA|02540480734|2024-07-12|1755
291|293|292|2024-11-21|Ristrutturazione - Opere accessorie|GIUGLIANO IN CAMPANIA|NA|13970161009|2024-09-02|2233
292|294|293|2024-11-21|Ristrutturazione - Opere accessorie|GIUGLIANO IN CAMPANIA|NA|13970161009|2024-09-02|2216
293|295|294|2024-11-21|Nuovo insediamento|FRATTAMAGGIORE|NA|05786470632|2024-11-11|1310
294|296|295|2024-11-20|Ampliamento|CASAMASSIMA|BA|||n. 193 del 24/01/2024
295|297|296|2024-11-21|Nuovo insediamento|BRINDISI|BR|15773731003|2023-07-13|1148
296|298|297|2024-11-25|Ampliamento|TORTOLÌ|NU|01155230913|2024-09-27|1147
297|299|298|2024-11-25|Ampliamento|ORISTANO|OR|00042340950|2024-08-09|0941
298|300|299|2024-11-25|Ristrutturazione - Opere accessorie|TRAPANNI|TP|01892240811|2023-11-06|1556
299|301|300|2024-11-25|Ristrutturazione - Opere accessorie|TRAPANNI|TP|02381650817|2023-11-13|1718
300|302|301|2024-11-26|Ampliamento|CARINARO|CE|10119681210|2024-10-14|1540
301|303|302|2024-11-26|Nuovo insediamento|CARINARO|CE|05934461210|2024-10-17|1311
302|304|303|2024-11-26|Nuovo insediamento|BENEVENTO|BN|01468980626|2024-08-23|0944
303|305|304|2024-11-26|Nuovo insediamento|TARANTO|TA|02614760730|2024-01-26|1032
304|306|305|2024-11-26|Ampliamento|BARLETTA|BA||2023-12-21|1955
305|307|306|2024-11-26|Ristrutturazione - Opere accessorie|GIUGLIANO IN CAMPANIA|NA|06654010633|2024-11-20|1613
306|308|307|2024-11-26|Ristrutturazione - Opere accessorie|GIUGLIANO IN CAMPANIA|NA|95263170631|2024-11-20|1543
307|309|308|2024-11-27|Ampliamento|MARUGGIO|TA|03339260733|2024-03-12|0938
308|310|309|2024-11-27|Ristrutturazione|TORRE DEL GRECO|NA|03473971210|2024-08-07|1730
309|311|310|2024-11-27|Nuovo insediamento|PARTINICO|PA|04891950828|2024-02-16|1058
310|312|311|2024-11-28|Nuovo insediamento|NOLA|NA|05974481219|2024-11-26|1457
311|313|312|2024-11-28|Nuovo insediamento|GIUGLIANO IN CAMPANIA|NA|13508181008|2024-11-26|1226
312|314|313|2024-11-28|Ampliamento|GIUGLIANO IN CAMPANIA|NA|14663871003|2024-11-26|1335
313|315|314|2024-12-16|Nuovo insediamento|CAIVANO|NA|10548081214|2024-11-26|1413
314|316|315|2024-11-28|Ampliamento|CAIVANO|NA|03558981217|2024-11-26|1425
315|317|316|2024-11-28|Ampliamento|CAIVANO|NA|07368340639|2024-11-26|1434
316|318|317|2024-11-28|Nuovo insediamento|FRATTAMAGGIORE|NA|06686351211|2024-11-26|1446
317|319|318|2024-11-28|Ristrutturazione - Opere accessorie|MENFI|AG|11459900962|2024-09-11|0922
318|320|319|2024-11-28|Ampliamento|FASANO|BR|02230460749|2023-12-07|1908
319|321|320|2024-11-28|Nuovo insediamento|NOLA|NA|05655911211|2024-09-17|1903
320|322|321|2024-11-28|Ampliamento|CASTELLAMMARE DI STABIA|NA|04707261212|2024-11-24|1911
321|323|322|2024-11-28|Ristrutturazione - Opere accessorie|SANTA GIUSTA|OR|00732450952|2024-06-10|1837
322|324|323|2024-12-04|Nuovo insediamento|SANTA GIUSTA|OR|00732450952|2024-07-08|1847
323|325|324|2024-12-04|Ampliamento|CASTELLANA GROTTE|BA|08206350723|2024-06-10|1724
324|326|325|2024-12-16|Ampliamento|CORATO|BA|05637380725|2024-07-18|1054
325|327|326|2024-12-14|Ampliamento|URURI|CB|01647070703|2024-05-17|1717
326|328|327|2024-12-16|Ristrutturazione - Opere accessorie|CATANIA|CT|07369140152|2023-12-23|1207
327|329|328|2024-12-14|Ampliamento|LAURIA|PZ||2024-10-30|1054
328|330|329|2024-12-16|Ristrutturazione - Opere accessorie|ASSORO|EN|80003550862|2024-08-07|0835
329|331|330|2024-12-16|Nuovo insediamento|GRICIGNANO DI AVERSA|CE|03140770615|2024-07-08|1612
330|332|331|2024-12-16|Ristrutturazione - Opere accessorie|TRAPANI|TR|00115740813|2024-02-20|1319
331|333|332|2024-12-17|Ristrutturazione|PARTINICO|PA|06180030824|2024-10-26|1908
332|334|333|2024-12-17|Ristrutturazione - Opere accessorie|GIOIA DEL COLLE|BA||2024-10-18|1007
333|335|334|2024-12-18|Ristrutturazione|CASTELLANA GROTTE|BA|08923300720|2024-06-12|1800
334|336|335|2024-12-17|Ampliamento|MATERA|MT|06576940727|2024-07-15|1615
